aaaaaaaaaaCCaugTAAAUUAAGGUCAUUGGUGUCACACaaaaaaaaaaaaaaaaaaaaaaaaaaaaaaaaaaaaaaaaaaaaaaaaaaaaaaaaaaaaaaaaaaaaaaaaaaaaaaaaaaaaaaaaa,..................(((((.....)))))................................................................................................,12,0
aaaaaaaaaaCCaugUAAAUUAAGGUCAUUTAAGUCACACaaaaaaaaaaaaaaaaaaaaaaaaaaaaaaaaaaaaaaaaaaaaaaaaaaaaaaaaaaaaaaaaaaaaaaaaaaaaaaaaaaaaaaaaa,..................(((((.....)))))................................................................................................,12,15
aaaaaaaaaaAUACCUAUUCGCTAACGaugGUUAGCAUGGaaaaaaaaaaaaaaaaaaaaaaaaaaaaaaaaaaaaaaaaaaaaaaaaaaaaaaaaaaaaaaaaaaaaaaaaaaaaaaaaaaaaaaaaa,..................(((....))).....................................................................................................,19,0
aaaaaaaaaaAUACCUAUUCGCGAUCGaugGUUAGCATAAaaaaaaaaaaaaaaaaaaaaaaaaaaaaaaaaaaaaaaaaaaaaaaaaaaaaaaaaaaaaaaaaaaaaaaaaaaaaaaaaaaaaaaaaa,..................(((....))).....................................................................................................,19,15
aaaaaaaaaaAUACCUAUUCGCGAUCGaugTAAAGCAUGGaaaaaaaaaaaaaaaaaaaaaaaaaaaaaaaaaaaaaaaaaaaaaaaaaaaaaaaaaaaaaaaaaaaaaaaaaaaaaaaaaaaaaaaaa,..................(((....))).....................................................................................................,27,0
aaaaaaaaaaAUACCUAUUCGCGAUCGaugGUUAGCAUGGaaaaaTAAaaaaaaaaaaaaaaaaaaaaaaaaaaaaaaaaaaaaaaaaaaaaaaaaaaaaaaaaaaaaaaaaaaaaaaaaaaaaaaaaa,..................(((....))).....................................................................................................,27,15
aaaaaaaaaaCCaggUAAAUUAAGGUCAUUGGUGUCACACaaaaaaaaaaaaaaaaaaaaaaaaaaaaaaaaaaaaaaaaaaaaaaaaaaaaaaaaaaaaaaaaaaaaaaaaaaaaaaaaaaaaaaaaa,..................(((((.....)))))................................................................................................,,
aaaaaaaaaaCCaggUAAAUUAAGGUCAUUGGUGUCACACaaaaaaaaaaaaaaaaaaaaaaaaaaaaaaaaaaaaaaaaaaaaaaaaaaaaaaaaaaaaaaaaaaaaaaaaaaaaaaaaaaaaaaaaa,..................(((((.....)))))................................................................................................,,
aaaaaaaaaaaaaaaaaaaaaaaaaaaaaaaaaaaaaaaaaaaaaaaaaaCCaugTAAAUUAAGGUCAUUGGUGUCACACaaaaaaaaaaaaaaaaaaaaaaaaaaaaaaaaaaaaaaaaaaaaaaaaa,..........................................................(((((.....)))))........................................................,52,0
aaaaaaaaaaaaaaaaaaaaaaaaaaaaaaaaaaaaaaaaaaaaaaaaaaCCaugUAAAUUAAGGUCAUUTAAGUCACACaaaaaaaaaaaaaaaaaaaaaaaaaaaaaaaaaaaaaaaaaaaaaaaaa,..........................................................(((((.....)))))........................................................,52,15
aaaaaaaaaaaaaaaaaaaaaaaaaaaaaaaaaaaaaaaaaaaaaaaaaaAUACCUAUUCGCTAACGaugGUUAGCAUGGaaaaaaaaaaaaaaaaaaaaaaaaaaaaaaaaaaaaaaaaaaaaaaaaa,..........................................................(((....))).............................................................,59,0
aaaaaaaaaaaaaaaaaaaaaaaaaaaaaaaaaaaaaaaaaaaaaaaaaaAUACCUAUUCGCGAUCGaugGUUAGCATAAaaaaaaaaaaaaaaaaaaaaaaaaaaaaaaaaaaaaaaaaaaaaaaaaa,..........................................................(((....))).............................................................,59,15
aaaaaaaaaaaaaaaaaaaaaaaaaaaaaaaaaaaaaaaaaaaaaaaaaaAUACCUAUUCGCGAUCGaugTAAAGCAUGGaaaaaaaaaaaaaaaaaaaaaaaaaaaaaaaaaaaaaaaaaaaaaaaaa,..........................................................(((....))).............................................................,67,0
aaaaaaaaaaaaaaaaaaaaaaaaaaaaaaaaaaaaaaaaaaaaaaaaaaAUACCUAUUCGCGAUCGaugGUUAGCAUGGaaaaaTAAaaaaaaaaaaaaaaaaaaaaaaaaaaaaaaaaaaaaaaaaa,..........................................................(((....))).............................................................,67,15
aaaaaaaaaaaaaaaaaaaaaaaaaaaaaaaaaaaaaaaaaaaaaaaaaaCCaggUAAAUUAAGGUCAUUGGUGUCACACaaaaaaaaaaaaaaaaaaaaaaaaaaaaaaaaaaaaaaaaaaaaaaaaa,..........................................................(((((.....)))))........................................................,,
aaaaaaaaaaaaaaaaaaaaaaaaaaaaaaaaaaaaaaaaaaaaaaaaaaCCaggUAAAUUAAGGUCAUUGGUGUCACACaaaaaaaaaaaaaaaaaaaaaaaaaaaaaaaaaaaaaaaaaaaaaaaaa,..........................................................(((((.....)))))........................................................,,
bbbbbbbbbbCCaugTAAAUUAAGGUCAUUGGUGUCACACbbbbbbbbbbbbbbbbbbbbbbbbbbbbbbbbbbbbbbbbbbbbbbbbbbbbbbbbbbbbbbbbbbbbbbbbbbbbbbbbbbbbbbbbb,..................(((((.....)))))................................................................................................,12,0
bbbbbbbbbbCCaugUAAAUUAAGGUCAUUTAAGUCACACbbbbbbbbbbbbbbbbbbbbbbbbbbbbbbbbbbbbbbbbbbbbbbbbbbbbbbbbbbbbbbbbbbbbbbbbbbbbbbbbbbbbbbbbb,..................(((((.....)))))................................................................................................,12,15
bbbbbbbbbbAUACCUAUUCGCTAACGaugGUUAGCAUGGbbbbbbbbbbbbbbbbbbbbbbbbbbbbbbbbbbbbbbbbbbbbbbbbbbbbbbbbbbbbbbbbbbbbbbbbbbbbbbbbbbbbbbbbb,..................(((....))).....................................................................................................,19,0
bbbbbbbbbbAUACCUAUUCGCGAUCGaugGUUAGCATAAbbbbbbbbbbbbbbbbbbbbbbbbbbbbbbbbbbbbbbbbbbbbbbbbbbbbbbbbbbbbbbbbbbbbbbbbbbbbbbbbbbbbbbbbb,..................(((....))).....................................................................................................,19,15
bbbbbbbbbbAUACCUAUUCGCGAUCGaugTAAAGCAUGGbbbbbbbbbbbbbbbbbbbbbbbbbbbbbbbbbbbbbbbbbbbbbbbbbbbbbbbbbbbbbbbbbbbbbbbbbbbbbbbbbbbbbbbbb,..................(((....))).....................................................................................................,27,0
bbbbbbbbbbAUACCUAUUCGCGAUCGaugGUUAGCAUGGbbbbbTAAbbbbbbbbbbbbbbbbbbbbbbbbbbbbbbbbbbbbbbbbbbbbbbbbbbbbbbbbbbbbbbbbbbbbbbbbbbbbbbbbb,..................(((....))).....................................................................................................,27,15
bbbbbbbbbbCCaggUAAAUUAAGGUCAUUGGUGUCACACbbbbbbbbbbbbbbbbbbbbbbbbbbbbbbbbbbbbbbbbbbbbbbbbbbbbbbbbbbbbbbbbbbbbbbbbbbbbbbbbbbbbbbbbb,..................(((((.....)))))................................................................................................,,
bbbbbbbbbbCCaggUAAAUUAAGGUCAUUGGUGUCACACbbbbbbbbbbbbbbbbbbbbbbbbbbbbbbbbbbbbbbbbbbbbbbbbbbbbbbbbbbbbbbbbbbbbbbbbbbbbbbbbbbbbbbbbb,..................(((((.....)))))................................................................................................,,
bbbbbbbbbbbbbbbbbbbbbbbbbbbbbbbbbbbbbbbbbbbbbbbbbbCCaugTAAAUUAAGGUCAUUGGUGUCACACbbbbbbbbbbbbbbbbbbbbbbbbbbbbbbbbbbbbbbbbbbbbbbbbb,..........................................................(((((.....)))))........................................................,52,0
bbbbbbbbbbbbbbbbbbbbbbbbbbbbbbbbbbbbbbbbbbbbbbbbbbCCaugUAAAUUAAGGUCAUUTAAGUCACACbbbbbbbbbbbbbbbbbbbbbbbbbbbbbbbbbbbbbbbbbbbbbbbbb,..........................................................(((((.....)))))........................................................,52,15
bbbbbbbbbbbbbbbbbbbbbbbbbbbbbbbbbbbbbbbbbbbbbbbbbbAUACCUAUUCGCTAACGaugGUUAGCAUGGbbbbbbbbbbbbbbbbbbbbbbbbbbbbbbbbbbbbbbbbbbbbbbbbb,..........................................................(((....))).............................................................,59,0
bbbbbbbbbbbbbbbbbbbbbbbbbbbbbbbbbbbbbbbbbbbbbbbbbbAUACCUAUUCGCGAUCGaugGUUAGCATAAbbbbbbbbbbbbbbbbbbbbbbbbbbbbbbbbbbbbbbbbbbbbbbbbb,..........................................................(((....))).............................................................,59,15
bbbbbbbbbbbbbbbbbbbbbbbbbbbbbbbbbbbbbbbbbbbbbbbbbbAUACCUAUUCGCGAUCGaugTAAAGCAUGGbbbbbbbbbbbbbbbbbbbbbbbbbbbbbbbbbbbbbbbbbbbbbbbbb,..........................................................(((....))).............................................................,67,0
bbbbbbbbbbbbbbbbbbbbbbbbbbbbbbbbbbbbbbbbbbbbbbbbbbAUACCUAUUCGCGAUCGaugGUUAGCAUGGbbbbbTAAbbbbbbbbbbbbbbbbbbbbbbbbbbbbbbbbbbbbbbbbb,..........................................................(((....))).............................................................,67,15
bbbbbbbbbbbbbbbbbbbbbbbbbbbbbbbbbbbbbbbbbbbbbbbbbbCCaggUAAAUUAAGGUCAUUGGUGUCACACbbbbbbbbbbbbbbbbbbbbbbbbbbbbbbbbbbbbbbbbbbbbbbbbb,..........................................................(((((.....)))))........................................................,,
bbbbbbbbbbbbbbbbbbbbbbbbbbbbbbbbbbbbbbbbbbbbbbbbbbCCaggUAAAUUAAGGUCAUUGGUGUCACACbbbbbbbbbbbbbbbbbbbbbbbbbbbbbbbbbbbbbbbbbbbbbbbbb,..........................................................(((((.....)))))........................................................,,
ccccccccccCCaugTAAAUUAAGGUCAUUGGUGUCACACccccccccccccccccccccccccccccccccccccccccccccccccccccccccccccccccccccccccccccccccccccccccc,..................(((((.....)))))................................................................................................,12,0
ccccccccccCCaugUAAAUUAAGGUCAUUTAAGUCACACccccccccccccccccccccccccccccccccccccccccccccccccccccccccccccccccccccccccccccccccccccccccc,..................(((((.....)))))................................................................................................,12,15
ccccccccccAUACCUAUUCGCTAACGaugGUUAGCAUGGccccccccccccccccccccccccccccccccccccccccccccccccccccccccccccccccccccccccccccccccccccccccc,..................(((....))).....................................................................................................,19,0
ccccccccccAUACCUAUUCGCGAUCGaugGUUAGCATAAccccccccccccccccccccccccccccccccccccccccccccccccccccccccccccccccccccccccccccccccccccccccc,..................(((....))).....................................................................................................,19,15
ccccccccccAUACCUAUUCGCGAUCGaugTAAAGCAUGGccccccccccccccccccccccccccccccccccccccccccccccccccccccccccccccccccccccccccccccccccccccccc,..................(((....))).....................................................................................................,27,0
ccccccccccAUACCUAUUCGCGAUCGaugGUUAGCAUGGcccccTAAccccccccccccccccccccccccccccccccccccccccccccccccccccccccccccccccccccccccccccccccc,..................(((....))).....................................................................................................,27,15
ccccccccccCCaggUAAAUUAAGGUCAUUGGUGUCACACccccccccccccccccccccccccccccccccccccccccccccccccccccccccccccccccccccccccccccccccccccccccc,..................(((((.....)))))................................................................................................,,
ccccccccccCCaggUAAAUUAAGGUCAUUGGUGUCACACccccccccccccccccccccccccccccccccccccccccccccccccccccccccccccccccccccccccccccccccccccccccc,..................(((((.....)))))................................................................................................,,
ccccccccccccccccccccccccccccccccccccccccccccccccccCCaugTAAAUUAAGGUCAUUGGUGUCACACccccccccccccccccccccccccccccccccccccccccccccccccc,..........................................................(((((.....)))))........................................................,52,0
ccccccccccccccccccccccccccccccccccccccccccccccccccCCaugUAAAUUAAGGUCAUUTAAGUCACACccccccccccccccccccccccccccccccccccccccccccccccccc,..........................................................(((((.....)))))........................................................,52,15
ccccccccccccccccccccccccccccccccccccccccccccccccccAUACCUAUUCGCTAACGaugGUUAGCAUGGccccccccccccccccccccccccccccccccccccccccccccccccc,..........................................................(((....))).............................................................,59,0
ccccccccccccccccccccccccccccccccccccccccccccccccccAUACCUAUUCGCGAUCGaugGUUAGCATAAccccccccccccccccccccccccccccccccccccccccccccccccc,..........................................................(((....))).............................................................,59,15
ccccccccccccccccccccccccccccccccccccccccccccccccccAUACCUAUUCGCGAUCGaugTAAAGCAUGGccccccccccccccccccccccccccccccccccccccccccccccccc,..........................................................(((....))).............................................................,67,0
ccccccccccccccccccccccccccccccccccccccccccccccccccAUACCUAUUCGCGAUCGaugGUUAGCAUGGcccccTAAccccccccccccccccccccccccccccccccccccccccc,..........................................................(((....))).............................................................,67,15
ccccccccccccccccccccccccccccccccccccccccccccccccccCCaggUAAAUUAAGGUCAUUGGUGUCACACccccccccccccccccccccccccccccccccccccccccccccccccc,..........................................................(((((.....)))))........................................................,,
ccccccccccccccccccccccccccccccccccccccccccccccccccCCaggUAAAUUAAGGUCAUUGGUGUCACACccccccccccccccccccccccccccccccccccccccccccccccccc,..........................................................(((((.....)))))........................................................,,
